,id,product_id,color_id,brand_id,size_id
0,1,472,17,54,5
1,2,472,1,56,4
2,3,472,10,3,2
3,4,479,5,57,3
4,5,479,10,20,3
5,6,479,15,14,1
6,7,479,4,7,2
7,8,313,19,54,4
8,9,313,18,47,3
9,10,533,7,40,1
10,11,533,16,24,5
11,12,533,18,55,5
12,13,219,1,12,5
13,14,219,12,35,6
14,15,219,10,28,5
15,16,840,19,22,17
16,17,840,10,2,16
17,18,840,14,45,12
18,19,43,9,43,15
19,20,43,7,49,10
20,21,172,3,35,3
21,22,172,1,48,5
22,23,662,13,31,4
23,24,662,5,10,1
24,25,689,16,23,7
25,26,689,16,1,5
26,27,689,21,42,4
27,28,852,1,35,17
28,29,440,3,13,2
29,30,440,2,52,5
30,31,85,13,59,2
31,32,804,15,21,2
32,33,804,2,20,6
33,34,804,21,39,7
34,35,972,20,18,4
35,36,972,6,3,6
36,37,636,21,31,9
37,38,636,6,43,16
38,39,17,20,25,6
39,40,17,12,10,3
40,41,17,1,14,5
41,42,17,11,41,5
42,43,203,12,35,1
43,44,203,10,25,5
44,45,982,17,8,10
45,46,982,21,53,8
46,47,982,3,27,14
47,48,982,13,10,15
48,49,982,10,60,13
49,50,982,1,54,10
50,51,329,3,29,14
51,52,329,5,2,11
52,53,315,21,4,2
53,54,315,8,43,2
54,55,614,12,11,3
55,56,614,1,46,7
56,57,614,8,48,3
57,58,387,2,28,7
58,59,387,5,51,1
59,60,387,10,21,7
60,61,387,18,31,6
61,62,387,9,13,1
62,63,387,14,57,6
63,64,387,21,16,7
64,65,426,18,33,3
65,66,426,14,58,7
66,67,987,7,37,5
67,68,987,20,13,3
68,69,987,4,33,4
69,70,987,3,33,4
70,71,987,13,37,4
71,72,987,19,10,3
72,73,816,6,31,9
73,74,297,1,24,2
74,75,297,10,57,2
75,76,809,17,41,16
76,77,809,10,21,8
77,78,809,6,6,12
78,79,809,6,38,10
79,80,476,7,32,4
80,81,812,14,49,15
81,82,812,4,60,10
82,83,812,14,27,16
83,84,184,2,61,9
84,85,184,1,49,9
85,86,184,18,50,15
86,87,184,14,51,14
87,88,528,19,32,6
88,89,682,11,13,1
89,90,682,19,14,7
90,91,682,20,44,2
91,92,682,19,7,5
92,93,594,9,50,13
93,94,594,2,51,14
94,95,594,17,58,14
95,96,594,3,47,10
96,97,594,11,26,16
97,98,491,4,1,7
98,99,491,1,14,6
99,100,287,11,57,4
100,101,287,7,46,5
101,102,287,17,3,4
102,103,287,7,60,7
103,104,889,13,20,7
104,105,889,18,36,4
105,106,24,9,42,1
106,107,24,3,48,4
107,108,24,2,28,2
108,109,24,5,42,2
109,110,321,21,16,17
110,111,321,5,10,16
111,112,321,19,7,12
112,113,214,10,49,2
113,114,214,5,38,4
114,115,214,4,8,4
115,116,214,14,15,1
116,117,726,15,33,5
117,118,992,9,15,4
118,119,753,9,28,1
119,120,753,11,61,6
120,121,753,10,26,7
121,122,613,21,10,2
122,123,613,13,48,4
123,124,613,14,16,1
124,125,501,19,61,6
125,126,501,15,32,7
126,127,501,18,24,7
127,128,501,7,1,6
128,129,193,10,8,4
129,130,193,11,54,7
130,131,600,16,58,5
131,132,600,16,50,1
132,133,913,21,31,2
133,134,913,2,1,2
134,135,490,13,26,8
135,136,490,15,50,10
136,137,19,17,1,3
137,138,19,13,7,6
138,139,684,15,29,10
139,140,684,1,20,9
140,141,684,9,46,11
141,142,64,21,58,10
142,143,64,7,29,10
143,144,157,20,37,4
144,145,157,11,25,2
145,146,357,1,38,4
146,147,357,9,58,5
147,148,357,11,45,1
148,149,357,14,27,3
149,150,357,6,52,5
150,151,357,15,48,3
151,152,49,19,1,6
152,153,49,8,12,6
153,154,49,14,49,3
154,155,280,7,16,4
155,156,280,9,55,4
156,157,567,14,11,11
157,158,488,14,15,3
158,159,292,21,49,2
159,160,292,7,7,2
160,161,292,20,31,7
161,162,113,19,30,4
162,163,191,14,19,5
163,164,191,15,24,5
164,165,191,8,57,4
165,166,191,15,44,7
166,167,228,10,22,11
167,168,228,20,49,11
168,169,228,12,27,13
169,170,542,14,38,3
170,171,542,10,20,2
171,172,189,17,36,16
172,173,745,11,25,1
173,174,811,8,35,16
174,175,811,13,9,10
175,176,811,3,2,17
176,177,34,20,31,15
177,178,34,3,23,13
178,179,34,5,47,10
179,180,34,21,59,13
180,181,34,13,25,14
181,182,34,7,60,12
182,183,900,8,30,3
183,184,900,5,27,4
184,185,900,2,40,3
185,186,99,12,27,2
186,187,99,18,34,6
187,188,835,1,22,3
188,189,574,10,37,12
189,190,574,5,59,17
190,191,635,5,18,1
191,192,96,6,45,15
192,193,96,16,41,8
193,194,928,21,21,4
194,195,928,13,22,1
195,196,346,18,22,16
196,197,346,21,39,13
197,198,346,13,7,12
198,199,159,1,10,9
199,200,957,16,9,16
200,201,957,11,49,9
201,202,957,12,2,8
202,203,527,12,36,7
203,204,527,13,21,3
204,205,916,6,38,7
205,206,916,15,37,4
206,207,916,10,45,3
207,208,993,14,16,16
208,209,993,6,55,15
209,210,156,2,37,1
210,211,156,19,19,1
211,212,111,11,54,7
212,213,585,14,21,4
213,214,585,11,59,4
214,215,442,8,19,10
215,216,442,20,33,10
216,217,442,3,40,16
217,218,524,4,37,5
218,219,524,16,7,7
219,220,524,2,59,3
220,221,69,13,39,7
221,222,69,2,23,3
222,223,69,20,37,6
223,224,69,21,41,1
224,225,74,19,13,10
225,226,74,7,40,8
226,227,886,3,29,11
227,228,886,11,40,13
228,229,301,18,42,6
229,230,95,20,30,16
230,231,95,8,42,17
231,232,95,16,20,8
232,233,95,17,61,8
233,234,956,6,8,4
234,235,575,13,12,6
235,236,216,1,47,6
236,237,216,9,41,7
237,238,674,8,54,15
238,239,768,16,4,12
239,240,48,13,34,4
240,241,48,2,2,2
241,242,863,2,38,8
242,243,863,19,18,9
243,244,863,4,44,16
244,245,450,8,22,7
245,246,450,13,44,5
246,247,238,5,4,5
247,248,55,3,35,3
248,249,55,14,21,5
249,250,143,2,60,9
250,251,143,7,60,14
251,252,89,11,18,5
252,253,89,4,52,3
253,254,89,4,12,1
254,255,722,11,61,7
255,256,324,9,3,1
256,257,324,15,61,7
257,258,18,8,17,5
258,259,18,5,31,7
259,260,18,8,40,3
260,261,303,16,33,7
261,262,303,20,61,7
262,263,140,3,34,14
263,264,140,12,29,15
264,265,140,19,33,17
265,266,140,16,42,15
266,267,140,21,59,15
267,268,784,4,44,5
268,269,784,10,14,3
269,270,924,18,42,11
270,271,924,17,28,11
271,272,924,12,1,15
272,273,924,7,2,10
273,274,68,12,57,3
274,275,375,17,31,11
275,276,78,15,57,10
276,277,78,11,18,16
277,278,3,3,14,6
278,279,3,9,27,2
279,280,3,10,18,6
280,281,3,15,36,3
281,282,890,2,50,13
282,283,890,6,50,10
283,284,632,5,43,12
284,285,632,6,33,16
285,286,632,19,14,10
286,287,409,16,36,12
287,288,409,2,37,12
288,289,409,7,56,17
289,290,699,18,51,9
290,291,699,8,51,10
291,292,687,4,35,17
292,293,687,13,11,13
293,294,687,5,47,10
294,295,687,15,19,13
295,296,195,14,1,1
296,297,195,6,30,2
297,298,195,2,5,2
298,299,142,7,1,6
299,300,142,16,3,3
300,301,763,18,24,14
301,302,763,5,52,16
302,303,763,6,57,14
303,304,763,8,22,10
304,305,763,2,58,8
305,306,763,19,34,12
306,307,843,19,10,2
307,308,837,16,60,7
308,309,837,20,20,1
309,310,837,17,34,2
310,311,837,4,1,7
311,312,41,9,14,2
312,313,41,2,11,4
313,314,41,9,21,2
314,315,650,7,42,14
315,316,650,15,39,12
316,317,650,13,34,12
317,318,622,4,17,14
318,319,622,1,61,12
319,320,909,2,33,2
320,321,909,16,1,6
321,322,751,14,13,11
322,323,115,6,44,10
323,324,84,6,39,2
324,325,84,16,48,2
325,326,84,5,17,6
326,327,84,19,7,1
327,328,84,4,51,6
328,329,84,18,13,2
329,330,84,19,8,1
330,331,84,13,35,6
331,332,799,19,43,6
332,333,788,16,46,1
333,334,788,20,33,7
334,335,788,2,23,3
335,336,908,9,23,14
336,337,908,2,57,10
337,338,908,15,47,17
338,339,91,16,34,5
339,340,91,2,16,4
340,341,525,17,43,12
341,342,525,10,34,16
342,343,875,20,2,6
343,344,875,5,21,3
344,345,875,4,31,3
345,346,875,11,45,3
346,347,429,2,16,1
347,348,429,2,13,4
348,349,429,10,55,2
349,350,669,15,16,5
350,351,669,4,17,4
351,352,669,9,27,7
352,353,732,3,52,2
353,354,732,15,30,1
354,355,499,18,12,2
355,356,104,14,9,4
356,357,123,9,46,4
357,358,791,12,26,2
358,359,791,11,32,2
359,360,791,4,59,1
360,361,710,15,40,1
361,362,710,21,8,7
362,363,660,4,10,9
363,364,660,17,35,12
364,365,660,21,38,13
365,366,949,9,15,8
366,367,949,6,35,9
367,368,949,20,18,17
368,369,949,1,22,12
369,370,60,11,12,17
370,371,60,10,19,10
371,372,130,20,33,14
372,373,130,12,36,17
373,374,130,21,16,15
374,375,823,16,5,1
375,376,168,21,1,7
376,377,631,13,7,5
377,378,631,17,23,3
378,379,582,21,24,13
379,380,582,11,53,15
380,381,582,11,27,16
381,382,616,18,39,4
382,383,616,15,34,4
383,384,703,2,13,2
384,385,703,10,38,3
385,386,703,13,3,6
386,387,703,2,37,5
387,388,744,15,4,2
388,389,744,18,25,2
389,390,905,4,42,5
390,391,905,13,27,7
391,392,211,12,47,15
392,393,696,12,22,9
393,394,188,5,31,7
394,395,188,15,34,3
395,396,188,9,15,1
396,397,347,10,19,7
397,398,347,5,48,5
398,399,347,3,20,2
399,400,347,2,3,7
400,401,347,17,52,5
401,402,347,10,55,7
402,403,851,3,17,13
403,404,93,4,33,1
404,405,93,17,59,3
405,406,13,19,30,3
406,407,13,9,20,2
407,408,13,13,29,5
408,409,361,15,20,5
409,410,361,18,5,2
410,411,361,15,59,4
411,412,361,17,16,3
412,413,358,15,3,8
413,414,358,10,36,14
414,415,358,13,8,17
415,416,364,18,17,2
416,417,364,4,21,2
417,418,364,1,11,1
418,419,671,1,50,5
419,420,671,16,41,2
420,421,671,9,6,7
421,422,97,20,48,2
422,423,97,19,12,1
423,424,342,1,40,5
424,425,683,17,50,5
425,426,683,15,52,3
426,427,683,12,8,5
427,428,683,1,18,2
428,429,887,15,6,16
429,430,887,4,15,16
430,431,899,6,32,13
431,432,899,15,37,14
432,433,715,15,57,7
433,434,715,18,14,5
434,435,715,15,57,1
435,436,398,15,35,12
436,437,398,17,40,16
437,438,177,17,26,2
438,439,595,2,20,16
439,440,595,14,57,15
440,441,30,19,31,8
441,442,30,21,22,8
442,443,30,21,38,10
443,444,30,3,1,12
444,445,876,6,43,6
445,446,876,5,10,7
446,447,752,5,21,4
447,448,752,9,28,3
448,449,752,9,39,3
449,450,199,18,34,9
450,451,199,10,41,10
451,452,199,10,37,16
452,453,147,16,6,2
453,454,569,19,8,3
454,455,306,14,24,3
455,456,306,17,26,5
456,457,306,21,21,2
457,458,400,5,23,11
458,459,400,1,56,11
459,460,379,11,20,7
460,461,431,19,14,3
461,462,431,16,53,3
462,463,431,12,2,4
463,464,431,13,55,7
464,465,500,21,30,1
465,466,500,10,47,2
466,467,500,14,18,3
467,468,500,3,2,7
468,469,858,4,40,6
469,470,858,4,33,1
470,471,858,5,51,1
471,472,136,8,10,10
472,473,827,21,52,5
473,474,827,7,33,2
474,475,151,19,51,15
475,476,151,6,28,10
476,477,854,4,11,6
477,478,854,20,31,3
478,479,891,3,33,11
479,480,891,14,1,13
480,481,615,10,60,12
481,482,898,14,46,2
482,483,898,20,44,2
483,484,898,14,44,6
484,485,31,19,21,3
485,486,31,19,42,4
486,487,81,3,56,2
487,488,81,21,27,7
488,489,81,15,11,6
489,490,6,10,29,6
490,491,58,21,16,6
491,492,58,5,47,7
492,493,681,9,30,5
493,494,681,20,58,1
494,495,681,17,10,2
495,496,681,20,6,1
496,497,681,8,50,6
497,498,681,8,17,1
498,499,977,2,54,5
499,500,977,9,30,5
500,501,977,19,49,3
501,502,411,18,28,3
502,503,310,13,6,4
503,504,272,17,35,2
504,505,446,8,12,2
505,506,446,17,12,5
506,507,446,15,23,5
507,508,446,7,34,5
508,509,742,7,17,8
509,510,742,7,46,11
510,511,742,19,50,9
511,512,658,9,44,4
512,513,658,6,54,2
513,514,469,12,16,4
514,515,469,6,49,4
515,516,903,14,10,5
516,517,903,20,60,4
517,518,903,10,31,7
518,519,844,4,22,7
519,520,844,1,5,2
520,521,619,6,16,15
521,522,405,14,10,2
522,523,405,14,51,4
523,524,405,1,16,5
524,525,331,13,34,15
525,526,331,19,6,14
526,527,331,7,43,16
527,528,331,15,44,16
528,529,363,8,55,2
529,530,750,8,27,1
530,531,750,10,10,6
531,532,911,14,53,3
532,533,800,11,51,3
533,534,800,4,11,1
534,535,800,14,7,7
535,536,668,18,52,6
536,537,668,17,45,7
537,538,407,18,20,7
538,539,278,13,61,2
539,540,695,9,7,5
540,541,695,5,31,5
541,542,695,16,31,5
542,543,695,6,34,1
543,544,862,3,38,7
544,545,386,20,2,2
545,546,386,1,61,5
546,547,602,19,60,10
547,548,602,8,41,9
548,549,121,14,32,11
549,550,121,14,46,8
550,551,288,11,6,15
551,552,288,10,41,17
552,553,739,17,16,6
553,554,739,14,10,2
554,555,739,20,51,6
555,556,124,12,36,15
556,557,124,2,59,14
557,558,124,15,24,13
558,559,640,16,17,11
559,560,114,12,33,8
560,561,114,15,61,17
561,562,114,13,56,12
562,563,100,15,25,6
563,564,100,5,59,3
564,565,186,19,43,7
565,566,186,21,1,6
566,567,879,7,21,7
567,568,879,10,12,4
568,569,879,18,24,6
569,570,773,11,55,5
570,571,647,18,38,5
571,572,647,15,51,4
572,573,647,8,37,7
573,574,5,7,57,6
574,575,734,21,60,6
575,576,734,13,4,4
576,577,679,3,7,13
577,578,679,4,48,10
578,579,679,12,50,15
579,580,841,15,16,9
580,581,841,1,2,17
581,582,841,17,47,8
582,583,79,3,32,3
583,584,79,8,40,3
584,585,79,5,25,7
585,586,79,17,27,1
586,587,515,13,49,17
587,588,515,11,16,16
588,589,269,6,42,14
589,590,269,5,19,13
590,591,978,12,46,9
591,592,978,2,6,13
592,593,978,10,12,15
593,594,978,1,13,10
594,595,62,20,34,10
595,596,62,13,12,15
596,597,62,18,40,14
597,598,537,11,48,5
598,599,847,14,8,11
599,600,847,3,6,12
600,601,847,20,3,14
601,602,655,17,44,6
602,603,655,9,13,6
603,604,419,6,34,5
604,605,419,10,40,6
605,606,419,5,51,7
606,607,419,17,30,7
607,608,372,15,10,1
608,609,869,17,3,5
609,610,869,8,9,7
610,611,441,11,43,2
611,612,866,4,52,5
612,613,895,15,39,16
613,614,895,12,19,9
614,615,895,19,43,9
615,616,408,15,25,12
616,617,408,6,57,13
617,618,881,19,15,9
618,619,881,15,34,10
619,620,606,15,59,5
620,621,302,8,52,3
621,622,302,21,50,5
622,623,395,6,48,5
623,624,395,5,45,3
624,625,73,1,36,7
625,626,73,3,23,5
626,627,437,19,47,2
627,628,437,19,37,5
628,629,437,14,2,7
629,630,266,5,47,9
630,631,266,1,1,15
631,632,692,3,59,5
632,633,692,17,45,7
633,634,692,1,43,4
634,635,760,3,47,14
635,636,345,11,9,14
636,637,305,11,8,2
637,638,305,13,8,2
638,639,566,2,37,1
639,640,579,18,17,4
640,641,579,4,61,5
641,642,579,10,2,4
642,643,579,21,53,4
643,644,579,4,55,3
644,645,825,17,18,6
645,646,213,20,34,12
646,647,213,14,51,12
647,648,925,15,30,8
648,649,954,15,25,6
649,650,954,6,31,1
650,651,954,10,25,2
651,652,954,15,34,5
652,653,434,3,1,15
653,654,108,20,29,5
654,655,802,21,32,2
655,656,521,19,49,3
656,657,521,4,38,5
657,658,144,1,3,1
658,659,144,17,12,6
659,660,75,19,8,9
660,661,75,13,47,8
661,662,749,4,35,5
662,663,126,20,59,2
663,664,126,9,60,6
664,665,697,5,57,5
665,666,530,5,41,11
666,667,932,21,47,3
667,668,932,9,42,3
668,669,539,12,49,5
669,670,539,17,53,3
670,671,592,2,2,5
671,672,592,8,23,6
672,673,592,5,33,4
673,674,598,20,6,5
674,675,598,1,8,1
675,676,698,3,9,14
676,677,698,10,37,11
677,678,340,2,19,7
678,679,107,14,51,13
679,680,107,3,25,14
680,681,366,11,16,2
681,682,656,19,37,7
682,683,776,18,12,2
683,684,776,7,30,5
684,685,26,6,20,10
685,686,26,14,8,15
686,687,462,2,53,7
687,688,462,6,39,4
688,689,462,17,28,5
689,690,686,18,50,9
690,691,686,8,16,8
691,692,935,1,8,5
692,693,935,21,61,6
693,694,935,2,33,5
694,695,941,5,46,3
695,696,941,2,6,3
696,697,941,3,24,1
697,698,117,21,33,4
698,699,117,2,36,4
699,700,15,7,27,1
700,701,15,20,18,1
701,702,968,17,56,4
702,703,445,13,21,14
703,704,445,8,44,14
704,705,231,4,52,10
705,706,231,7,17,13
706,707,231,11,61,16
707,708,755,12,48,7
708,709,755,13,20,7
709,710,478,15,27,4
710,711,691,2,15,7
711,712,691,5,36,5
712,713,691,1,28,3
713,714,320,21,6,1
714,715,320,7,49,4
715,716,179,13,4,4
716,717,179,20,29,2
717,718,179,8,48,1
718,719,322,17,13,4
719,720,322,18,13,7
720,721,322,15,8,2
721,722,618,4,23,17
722,723,618,20,44,14
723,724,618,7,35,14
724,725,741,11,25,12
725,726,741,10,48,17
726,727,588,20,50,10
727,728,803,3,53,7
728,729,65,7,12,16
729,730,380,2,12,2
730,731,380,3,47,7
731,732,380,4,46,7
732,733,380,12,39,5
733,734,676,4,3,2
734,735,421,5,56,14
735,736,421,19,30,16
736,737,236,13,47,1
737,738,236,5,37,1
738,739,311,18,21,7
739,740,611,19,2,4
740,741,611,12,25,4
741,742,611,10,29,1
742,743,864,4,48,1
743,744,864,2,55,1
744,745,864,3,57,2
745,746,182,11,38,1
746,747,958,9,12,9
747,748,958,6,1,10
748,749,974,15,50,4
749,750,652,8,20,7
750,751,164,1,26,3
751,752,923,17,27,1
752,753,874,4,12,1
753,754,874,13,19,7
754,755,568,19,43,7
755,756,793,17,6,1
756,757,793,7,43,6
757,758,793,16,57,6
758,759,474,5,44,7
759,760,474,16,47,5
760,761,474,9,57,6
761,762,71,14,41,13
762,763,71,15,10,10
763,764,71,5,36,11
764,765,71,9,36,14
765,766,319,9,5,4
766,767,319,21,22,3
767,768,961,19,57,7
768,769,708,16,43,8
769,770,708,13,54,16
770,771,141,18,39,8
771,772,141,5,56,12
772,773,970,1,60,7
773,774,299,15,16,2
774,775,463,12,31,15
775,776,463,8,58,8
776,777,552,18,44,5
777,778,552,5,23,4
778,779,503,13,51,11
779,780,503,2,40,11
780,781,503,21,41,9
781,782,503,14,21,16
782,783,511,13,35,4
783,784,511,9,14,6
784,785,765,1,31,15
785,786,765,21,41,11
786,787,1,2,44,2
787,788,1,2,3,4
788,789,40,16,20,4
789,790,40,5,6,6
790,791,591,6,10,13
791,792,591,13,33,8
792,793,591,14,14,10
793,794,814,19,1,7
794,795,814,21,41,4
795,796,814,8,38,3
796,797,731,12,3,5
797,798,979,13,3,3
798,799,979,15,13,2
799,800,979,17,25,1
800,801,601,1,54,7
801,802,601,5,49,2
802,803,675,13,32,5
803,804,496,16,7,5
804,805,496,5,50,4
805,806,496,16,16,6
806,807,999,20,9,7
807,808,999,7,27,5
808,809,999,16,32,5
809,810,937,4,9,2
810,811,937,7,46,2
811,812,402,21,1,3
812,813,402,19,41,2
813,814,402,18,16,7
814,815,629,6,38,3
815,816,629,9,26,5
816,817,629,3,60,5
817,818,570,21,16,15
818,819,570,9,9,17
819,820,281,7,3,5
820,821,281,20,15,1
821,822,220,11,15,7
822,823,220,6,43,1
823,824,672,9,21,1
824,825,672,15,23,7
825,826,644,15,10,14
826,827,603,10,58,2
827,828,603,4,34,1
828,829,285,17,22,13
829,830,285,12,4,11
830,831,778,12,46,5
831,832,72,4,28,6
832,833,72,13,27,1
833,834,21,11,38,7
834,835,21,5,15,1
835,836,94,8,42,4
836,837,94,13,9,4
837,838,964,10,34,2
838,839,964,14,53,5
839,840,258,15,40,7
840,841,258,8,18,6
841,842,604,18,50,5
842,843,492,11,25,4
843,844,492,8,12,2
844,845,540,11,57,15
845,846,624,6,55,12
846,847,624,9,37,14
847,848,325,19,57,16
848,849,325,12,22,15
849,850,325,12,25,11
850,851,583,12,46,7
851,852,583,14,58,2
852,853,583,9,31,3
853,854,583,2,13,4
854,855,771,6,3,2
855,856,873,20,42,7
856,857,873,9,2,5
857,858,873,4,3,2
858,859,657,10,34,4
859,860,639,3,43,4
860,861,639,7,33,4
861,862,639,21,50,3
862,863,294,14,46,13
863,864,294,12,46,16
864,865,553,2,61,3
865,866,459,4,40,1
866,867,459,6,48,6
867,868,459,19,24,7
868,869,673,11,40,10
869,870,673,3,8,8
870,871,274,5,11,6
871,872,274,9,31,5
872,873,782,2,46,3
873,874,782,20,9,4
874,875,870,13,23,5
875,876,353,13,38,3
876,877,353,6,23,6
877,878,779,14,5,15
878,879,779,3,42,15
879,880,779,21,13,16
880,881,896,14,45,5
881,882,227,12,20,3
882,883,227,18,44,6
883,884,581,9,3,6
884,885,581,9,21,3
885,886,581,11,9,5
886,887,746,10,44,1
887,888,283,19,40,4
888,889,283,8,57,7
889,890,283,15,30,5
890,891,758,21,43,5
891,892,758,12,57,3
892,893,918,16,31,17
893,894,918,17,41,16
894,895,137,1,24,6
895,896,137,21,48,1
896,897,137,18,15,6
897,898,224,18,48,6
898,899,416,7,53,4
899,900,416,10,54,5
900,901,416,20,41,5
901,902,341,8,50,13
902,903,341,11,59,9
903,904,341,8,34,10
904,905,249,13,56,2
905,906,690,14,33,1
906,907,690,8,43,6
907,908,690,8,33,2
908,909,457,16,47,1
909,910,807,5,45,4
910,911,807,4,2,3
911,912,807,20,14,3
912,913,807,21,5,7
913,914,707,16,53,3
914,915,132,17,33,6
915,916,53,6,1,9
916,917,53,14,51,14
917,918,53,16,37,16
918,919,67,3,56,8
919,920,374,12,10,2
920,921,927,18,30,8
921,922,906,2,40,17
922,923,906,17,4,16
923,924,995,16,13,4
924,925,952,4,22,2
925,926,877,11,13,4
926,927,44,13,43,2
927,928,44,16,12,7
928,929,550,4,49,11
929,930,550,19,19,16
930,931,430,16,2,7
931,932,430,5,23,4
932,933,465,18,44,11
933,934,465,12,32,11
934,935,820,21,59,1
935,936,820,9,53,6
936,937,309,11,41,7
937,938,351,1,61,5
938,939,351,14,52,7
939,940,464,12,9,7
940,941,464,7,35,7
941,942,12,7,48,7
942,943,481,14,44,7
943,944,481,20,6,1
944,945,83,7,22,1
945,946,960,20,38,7
946,947,960,3,43,6
947,948,960,17,36,3
948,949,960,3,17,5
949,950,580,4,49,10
950,951,580,3,25,8
951,952,461,19,41,2
952,953,461,17,11,2
953,954,178,9,20,9
954,955,125,5,10,3
955,956,125,11,39,7
956,957,29,21,53,7
957,958,29,8,33,2
958,959,29,13,22,3
959,960,29,7,38,6
960,961,4,13,15,5
961,962,4,5,13,4
962,963,4,6,46,3
963,964,52,16,20,10
964,965,52,4,3,10
965,966,365,11,43,2
966,967,685,6,51,17
967,968,685,10,43,16
968,969,824,12,34,2
969,970,824,3,55,4
970,971,253,15,43,8
971,972,483,11,25,14
972,973,483,15,23,10
973,974,483,9,15,10
974,975,609,20,7,13
975,976,300,5,15,5
976,977,367,19,47,3
977,978,367,1,58,7
978,979,367,20,15,7
979,980,367,21,25,5
980,981,190,6,30,2
981,982,190,21,35,6
982,983,861,16,23,1
983,984,607,7,9,1
984,985,607,14,33,2
985,986,607,15,42,6
986,987,607,21,22,6
987,988,555,9,28,3
988,989,555,16,54,6
989,990,555,1,43,5
990,991,872,5,59,14
991,992,872,8,59,16
992,993,735,11,57,1
993,994,735,14,54,6
994,995,735,8,19,7
995,996,235,7,23,16
996,997,235,4,54,14
997,998,955,17,43,1
998,999,666,17,27,13
999,1000,694,3,20,5
1000,1001,694,11,7,1
1001,1002,694,17,46,3
1002,1003,694,16,41,4
1003,1004,694,19,1,1
1004,1005,587,16,3,17
1005,1006,801,12,26,7
1006,1007,435,11,19,5
1007,1008,435,10,6,2
1008,1009,856,20,12,2
1009,1010,856,5,31,6
1010,1011,314,21,19,6
1011,1012,314,9,12,5
1012,1013,590,20,39,6
1013,1014,590,16,34,6
1014,1015,240,5,15,17
1015,1016,667,4,4,5
1016,1017,667,3,22,5
1017,1018,701,10,4,11
1018,1019,701,7,55,16
1019,1020,654,11,47,5
1020,1021,529,9,58,4
1021,1022,529,15,5,1
1022,1023,529,17,36,1
1023,1024,449,21,35,17
1024,1025,230,3,46,9
1025,1026,230,3,61,14
1026,1027,813,3,37,7
1027,1028,649,15,34,3
1028,1029,649,19,57,6
1029,1030,649,12,31,2
1030,1031,259,9,32,2
1031,1032,780,10,51,6
1032,1033,268,18,29,6
1033,1034,268,11,39,6
1034,1035,105,14,24,1
1035,1036,105,4,37,7
1036,1037,215,14,13,7
1037,1038,215,13,21,6
1038,1039,215,10,47,5
1039,1040,512,12,15,7
1040,1041,512,9,31,3
1041,1042,205,5,39,7
1042,1043,205,19,26,7
1043,1044,467,7,39,6
1044,1045,432,6,7,4
1045,1046,556,19,1,4
1046,1047,556,4,2,4
1047,1048,556,17,4,2
1048,1049,991,19,6,14
1049,1050,991,18,32,12
1050,1051,181,13,39,16
1051,1052,573,18,22,15
1052,1053,865,21,36,5
1053,1054,865,6,52,5
1054,1055,865,7,25,4
1055,1056,865,3,56,7
1056,1057,630,1,28,3
1057,1058,384,16,26,7
1058,1059,384,2,51,2
1059,1060,443,14,39,7
1060,1061,87,10,14,4
1061,1062,536,21,52,4
1062,1063,517,21,50,6
1063,1064,578,13,61,11
1064,1065,158,7,30,4
1065,1066,355,8,10,3
1066,1067,11,16,44,11
1067,1068,11,17,34,12
1068,1069,11,7,38,9
1069,1070,919,17,41,16
1070,1071,919,12,9,11
1071,1072,724,6,53,6
1072,1073,724,1,30,4
1073,1074,451,10,40,6
1074,1075,940,10,35,15
1075,1076,940,6,15,8
1076,1077,940,7,13,9
1077,1078,167,2,10,5
1078,1079,167,4,33,3
1079,1080,717,15,53,8
1080,1081,717,10,22,11
1081,1082,717,14,14,8
1082,1083,805,14,1,5
1083,1084,805,21,51,6
1084,1085,119,13,60,4
1085,1086,119,10,46,3
1086,1087,119,9,45,3
1087,1088,119,17,37,3
1088,1089,138,3,27,4
1089,1090,138,5,16,1
1090,1091,255,13,40,14
1091,1092,255,21,26,16
1092,1093,926,12,17,1
1093,1094,356,12,36,1
1094,1095,256,5,35,14
1095,1096,256,15,46,17
1096,1097,256,8,15,8
1097,1098,882,1,31,14
1098,1099,882,9,39,17
1099,1100,246,21,48,17
1100,1101,246,17,24,16
1101,1102,383,19,34,13
1102,1103,378,21,44,6
1103,1104,378,20,11,6
1104,1105,1001,19,38,8
1105,1106,1001,6,33,8
1106,1107,597,11,10,2
1107,1108,597,1,14,1
1108,1109,276,1,15,16
1109,1110,276,12,52,9
1110,1111,276,9,46,13
1111,1112,276,11,6,14
1112,1113,70,1,12,7
1113,1114,165,6,23,6
1114,1115,828,12,42,3
1115,1116,828,21,58,6
1116,1117,846,18,14,5
1117,1118,541,19,59,7
1118,1119,475,9,7,15
1119,1120,475,12,29,8
1120,1121,548,18,10,17
1121,1122,548,11,27,10
1122,1123,427,21,7,3
1123,1124,427,14,59,6
1124,1125,45,15,30,5
1125,1126,45,14,24,4
1126,1127,45,8,48,3
1127,1128,608,8,44,17
1128,1129,608,13,1,10
1129,1130,526,8,23,4
1130,1131,526,3,33,3
1131,1132,680,21,22,3
1132,1133,438,4,56,2
1133,1134,438,2,7,6
1134,1135,146,1,18,11
1135,1136,146,20,48,15
1136,1137,146,21,36,11
1137,1138,146,3,59,9
1138,1139,146,8,26,17
1139,1140,110,20,27,2
1140,1141,557,20,1,9
1141,1142,557,6,15,11
1142,1143,557,4,7,13
1143,1144,218,8,47,4
1144,1145,336,21,25,5
1145,1146,336,8,35,7
1146,1147,118,14,26,6
1147,1148,54,21,19,6
1148,1149,571,6,56,4
1149,1150,482,20,40,5
1150,1151,482,7,32,3
1151,1152,330,6,28,1
1152,1153,330,8,8,1
1153,1154,131,6,21,4
1154,1155,262,17,18,3
1155,1156,262,3,59,2
1156,1157,262,8,32,7
1157,1158,584,4,13,5
1158,1159,519,11,10,5
1159,1160,260,15,24,12
1160,1161,965,1,51,3
1161,1162,412,21,21,2
1162,1163,412,21,32,4
1163,1164,663,9,29,10
1164,1165,663,13,50,9
1165,1166,477,16,61,3
1166,1167,248,8,46,16
1167,1168,377,2,26,2
1168,1169,990,10,38,17
1169,1170,990,4,28,8
1170,1171,990,19,28,15
1171,1172,990,7,41,13
1172,1173,162,13,55,9
1173,1174,335,11,47,14
1174,1175,335,12,54,10
1175,1176,798,1,32,4
1176,1177,558,12,42,2
1177,1178,558,11,51,7
1178,1179,243,6,18,17
1179,1180,243,10,19,8
1180,1181,270,8,29,7
1181,1182,270,13,27,2
1182,1183,399,16,9,1
1183,1184,498,11,14,4
1184,1185,498,7,24,7
1185,1186,498,17,40,1
1186,1187,498,15,11,4
1187,1188,473,16,48,7
1188,1189,549,18,32,6
1189,1190,549,5,5,1
1190,1191,818,14,45,10
1191,1192,418,21,31,3
1192,1193,418,21,28,4
1193,1194,456,20,42,6
1194,1195,456,19,61,7
1195,1196,766,11,49,14
1196,1197,766,21,17,14
1197,1198,766,12,33,15
1198,1199,766,11,58,16
1199,1200,930,17,38,3
1200,1201,930,10,42,6
1201,1202,930,21,58,7
1202,1203,806,4,33,16
1203,1204,743,11,17,2
1204,1205,910,17,42,3
1205,1206,183,18,21,1
1206,1207,183,8,34,1
1207,1208,183,6,35,3
1208,1209,286,7,60,4
1209,1210,706,9,59,1
1210,1211,7,16,2,12
1211,1212,7,10,23,15
1212,1213,560,9,30,6
1213,1214,38,4,32,14
1214,1215,129,17,5,1
1215,1216,129,17,32,4
1216,1217,129,7,54,6
1217,1218,129,21,46,3
1218,1219,153,19,9,7
1219,1220,153,17,52,1
1220,1221,56,8,35,3
1221,1222,56,7,50,1
1222,1223,56,20,8,7
1223,1224,295,15,28,7
1224,1225,808,8,51,2
1225,1226,59,12,20,10
1226,1227,59,7,9,12
1227,1228,559,16,44,17
1228,1229,559,19,19,15
1229,1230,485,8,50,1
1230,1231,797,2,20,12
1231,1232,458,16,35,5
1232,1233,468,14,46,1
1233,1234,468,15,51,2
1234,1235,35,11,15,4
1235,1236,35,6,10,2
1236,1237,35,10,14,5
1237,1238,35,18,52,5
1238,1239,155,8,38,3
1239,1240,155,15,22,3
1240,1241,718,14,38,11
1241,1242,983,4,6,3
1242,1243,523,10,60,7
1243,1244,971,10,57,12
1244,1245,971,3,2,14
1245,1246,423,15,24,15
1246,1247,16,8,27,9
1247,1248,16,8,9,17
1248,1249,842,11,13,13
1249,1250,842,19,22,10
1250,1251,842,13,59,9
1251,1252,196,18,50,4
1252,1253,196,1,36,4
1253,1254,2,21,23,2
1254,1255,2,21,12,5
1255,1256,425,15,61,3
1256,1257,425,4,23,4
1257,1258,413,4,7,17
1258,1259,413,4,7,10
1259,1260,413,18,28,14
1260,1261,785,8,59,7
1261,1262,628,1,36,6
1262,1263,225,10,56,15
1263,1264,543,14,55,1
1264,1265,543,3,37,2
1265,1266,868,13,31,4
1266,1267,466,16,38,15
1267,1268,237,16,9,9
1268,1269,180,7,9,8
1269,1270,892,11,16,7
1270,1271,892,5,23,6
1271,1272,494,5,11,15
1272,1273,494,20,56,16
1273,1274,494,10,27,11
1274,1275,943,7,61,1
1275,1276,943,9,59,6
1276,1277,651,18,4,6
1277,1278,756,18,17,14
1278,1279,617,3,48,14
1279,1280,339,2,43,9
1280,1281,834,12,51,6
1281,1282,839,15,19,17
1282,1283,859,17,38,5
1283,1284,859,9,14,4
1284,1285,737,6,21,1
1285,1286,737,4,44,1
1286,1287,370,5,30,2
1287,1288,370,11,5,3
1288,1289,626,6,18,3
1289,1290,626,5,29,4
1290,1291,282,8,2,4
1291,1292,282,2,8,1
1292,1293,226,5,14,4
1293,1294,226,6,22,6
1294,1295,984,2,43,5
1295,1296,304,1,4,3
1296,1297,304,9,14,3
1297,1298,381,10,55,1
1298,1299,170,13,25,1
1299,1300,783,4,36,4
1300,1301,783,7,26,7
1301,1302,23,13,57,6
1302,1303,23,13,14,1
1303,1304,175,7,14,3
1304,1305,761,15,30,1
1305,1306,705,5,42,1
1306,1307,705,2,25,4
1307,1308,102,13,41,3
1308,1309,327,19,40,3
1309,1310,327,17,1,5
1310,1311,327,8,4,7
1311,1312,914,12,21,1
1312,1313,122,17,46,17
1313,1314,122,17,20,8
1314,1315,122,20,35,11
1315,1316,122,4,20,14
1316,1317,460,11,9,5
1317,1318,885,2,30,2
1318,1319,885,15,29,4
1319,1320,241,6,49,4
1320,1321,428,5,1,15
1321,1322,90,18,37,2
1322,1323,634,21,17,1
1323,1324,128,5,7,9
1324,1325,836,20,10,8
1325,1326,740,13,14,2
1326,1327,740,15,55,4
1327,1328,740,13,59,3
1328,1329,740,15,42,5
1329,1330,349,10,18,3
1330,1331,349,7,58,2
1331,1332,150,5,9,8
1332,1333,150,18,53,14
1333,1334,764,4,29,6
1334,1335,764,17,34,6
1335,1336,362,3,8,7
1336,1337,362,16,29,2
1337,1338,962,21,8,6
1338,1339,14,12,39,6
1339,1340,244,18,13,14
1340,1341,720,17,21,5
1341,1342,720,12,9,4
1342,1343,665,3,32,11
1343,1344,665,7,39,16
1344,1345,702,5,5,1
1345,1346,702,1,57,3
1346,1347,702,14,40,1
1347,1348,133,17,23,4
1348,1349,677,2,25,10
1349,1350,661,18,56,13
1350,1351,661,14,32,10
1351,1352,884,20,46,1
1352,1353,738,2,52,5
1353,1354,945,10,55,2
1354,1355,509,8,53,12
1355,1356,415,12,43,1
1356,1357,415,11,36,4
1357,1358,289,14,38,1
1358,1359,279,19,43,16
1359,1360,787,18,49,3
1360,1361,27,17,8,9
1361,1362,27,15,42,17
1362,1363,192,2,40,2
1363,1364,192,12,58,2
1364,1365,192,14,60,3
1365,1366,757,2,5,15
1366,1367,337,12,1,8
1367,1368,290,9,46,1
1368,1369,996,9,27,6
1369,1370,643,9,16,5
1370,1371,643,6,37,4
1371,1372,9,4,14,7
1372,1373,37,18,13,4
1373,1374,82,6,25,7
1374,1375,8,12,18,5
1375,1376,795,21,17,12
1376,1377,232,19,15,11
1377,1378,239,19,59,6
1378,1379,826,9,31,4
1379,1380,637,20,15,5
1380,1381,912,19,9,11
1381,1382,514,2,61,2
1382,1383,589,11,23,5
1383,1384,994,10,24,1
1384,1385,815,17,36,16
1385,1386,815,15,51,8
1386,1387,815,2,57,12
1387,1388,815,10,13,10
1388,1389,871,3,21,16
1389,1390,221,21,44,2
1390,1391,293,8,2,8
1391,1392,88,11,47,5
1392,1393,233,15,21,11
1393,1394,848,3,47,12
1394,1395,848,16,61,10
1395,1396,736,15,55,7
1396,1397,712,13,34,4
1397,1398,950,1,26,6
1398,1399,950,6,56,7
1399,1400,139,19,15,5
1400,1401,920,12,38,5
1401,1402,716,19,1,17
1402,1403,716,6,22,10
1403,1404,716,13,38,12
1404,1405,368,8,52,7
1405,1406,127,2,12,5
1406,1407,166,9,26,7
1407,1408,831,17,32,2
1408,1409,790,8,44,7
1409,1410,414,21,50,5
1410,1411,422,9,12,3
1411,1412,422,7,35,3
1412,1413,76,7,23,4
1413,1414,832,7,13,16
1414,1415,57,21,58,2
1415,1416,57,8,11,4
1416,1417,688,18,43,2
1417,1418,821,19,52,8
1418,1419,821,11,7,13
1419,1420,998,3,40,7
1420,1421,50,3,60,13
1421,1422,251,9,15,2
1422,1423,774,6,31,9
1423,1424,980,1,53,5
1424,1425,545,20,22,12
1425,1426,545,12,31,12
1426,1427,209,16,9,8
1427,1428,209,8,18,17
1428,1429,513,16,35,7
1429,1430,646,5,48,6
1430,1431,206,17,15,10
1431,1432,988,5,33,9
1432,1433,148,1,34,15
1433,1434,148,10,1,14
1434,1435,645,17,31,3
1435,1436,976,9,30,15
1436,1437,929,5,37,2
1437,1438,547,15,39,5
1438,1439,833,4,60,8
1439,1440,833,18,42,16
1440,1441,883,19,57,3
1441,1442,730,5,51,9
1442,1443,729,15,52,2
1443,1444,729,12,29,2
1444,1445,623,14,58,15
1445,1446,933,15,46,9
1446,1447,933,10,30,16
1447,1448,393,12,26,12
1448,1449,326,6,2,5
1449,1450,397,10,10,1
1450,1451,63,21,40,11
1451,1452,819,12,27,15
1452,1453,229,20,46,12
1453,1454,265,21,34,9
1454,1455,897,2,5,5
1455,1456,897,2,39,6
1456,1457,942,3,21,1
1457,1458,959,8,53,5
1458,1459,936,4,51,8
1459,1460,936,20,22,12
1460,1461,586,16,8,2
1461,1462,664,6,44,6
1462,1463,86,4,33,3
1463,1464,187,4,33,13
1464,1465,759,3,44,11
1465,1466,653,16,7,6
1466,1467,967,12,13,16
1467,1468,406,12,11,5
1468,1469,902,9,5,17
1469,1470,389,10,20,14
1470,1471,612,11,11,2
1471,1472,786,5,11,11
1472,1473,700,18,34,2
1473,1474,625,6,1,7
1474,1475,625,5,54,7
1475,1476,767,21,14,3
1476,1477,348,10,12,4
1477,1478,359,19,56,15
1478,1479,80,8,28,17
1479,1480,904,11,44,6
1480,1481,648,21,17,6
1481,1482,946,5,57,16
1482,1483,605,14,34,3
1483,1484,382,4,52,17
1484,1485,721,15,8,3
1485,1486,599,12,25,12
1486,1487,163,12,19,3
1487,1488,360,21,52,12
